question_id,subject,domain,difficulty,question,choice_A,choice_B,choice_C,choice_D,answer_index,answer_letter
q0000,elementary_mathematics,STEM,easy,"Kerri ran the same distance in four different races. Her times were 18.04 seconds, 21.39 seconds, 12.99 seconds, and 14.14 seconds. If the individual times are rounded to the nearest one-tenth of a second, what is the estimate of Kerri's total time for all four races?",66.6 seconds,66.5 seconds,66 seconds,65.5 seconds,1,B
q0001,high_school_biology,STEM,easy,The structure of ATP synthase in the plasma membranes of bacteria is nearly identical to that in the mitochondria and chloroplasts of eukaryotic cells. This similarity best supports which of the following hypotheses?,Eukaryotic and prokaryotic cells share a common ancestor.,"Mitochondria are derived from ancient aerobic bacteria, and chloroplasts are derived from ancient photosynthetic bacteria.","The similarity of ATP synthase in bacteria, mitochondria, and chloroplasts is an example of convergent evolution.",Mitochondria and chloroplasts escaped from eukaryotic cells and formed aerobic and photosynthetic prokaryotes.,1,B
q0002,conceptual_physics,STEM,easy,A barometer that uses water instead of mercury will be,shorter,taller,equal in height,inoperable,1,B
q0003,high_school_biology,STEM,easy,"Once a plasmid has incorporated specific genes, such as the gene coding for the antibiotic ampicillin, into its genome, the plasmid may be cloned by",inserting it into a virus to generate multiple copies,treating it with a restriction enzyme in order to cut the molecule into small pieces,inserting it into a suitable bacterium in order to produce multiple copies,running it on a gel electrophoresis in order to determine the size of the gene of interest,2,C
q0004,elementary_mathematics,STEM,easy,What is the least common multiple of 4 and 10?,14,20,40,60,1,B
q0005,conceptual_physics,STEM,easy,"When a proton is plucked from an atomic nucleus, the atom has a decrease in",charge,energy,mass,all of these,3,D
q0006,conceptual_physics,STEM,easy,"In his special theory of relativity, Einstein stated that the laws of physics are",different in different situations.,common sense applied to microscopic and macroscopic things.,the same in all frames of reference.,the same in all uniformly moving frames of reference.,3,D
q0007,conceptual_physics,STEM,easy,Electricity and magnetism connect to form,mass,energy,ultrahigh-frequency sound,light,3,D
q0008,elementary_mathematics,STEM,easy,You walked your dog 7 over 9 mi in the morning and 5 over 12 mi in the afternoon. How much farther did you walk your dog in the morning than in the afternoon?,13 over 36,12 over 21,2 over 3,35 over 108,0,A
q0009,high_school_biology,STEM,easy,Charles Darwin was the first person to propose,that evolution occurs.,a mechanism for how evolution occurs.,that the Earth is older than a few thousand years.,a mechanism for evolution that was supported by evidence.,3,D
q0010,conceptual_physics,STEM,easy,The red glow in the neon tube of an advertising sign is a result of,fluorescence.,coherence.,polarization.,de-excitation.,3,D
q0011,elementary_mathematics,STEM,easy,What is 0.3 × 427?,0.1281,1.281,12.81,128.1,3,D
q0012,elementary_mathematics,STEM,easy,Which expression is equivalent to 5(4x + 3) — 2x?,18x+15,18x+3,7x+8,2x+8,0,A
q0013,elementary_mathematics,STEM,easy,Ms. Carter has 30 students in her classroom. She arranges them into 5 equal groups. Which expression represents how to find the number of students in each group?,30+5,30/5,30-5,30x5,1,B
q0014,conceptual_physics,STEM,easy,"During the time an aircraft produces a sonic boom, the aircraft is",breaking the sound barrier,pulling out of a subsonic dive,flying faster than sound,All of these,2,C
q0015,elementary_mathematics,STEM,easy,You and three friends go to a concert. The total cost for four tickets is $112. Write and solve an equation to find the cost of one ticket t.,4t = 112; $448,4t = 112; $28,t over 4 = 112; $448,t over 4 = 112; $28,1,B
q0016,elementary_mathematics,STEM,easy,Evaluate −7(y − 6) for y = 8.,−14,50,−13,−62,0,A
q0017,conceptual_physics,STEM,easy,Thermal conduction involves mainly,electrons,protons,neutrons,ions,0,A
q0018,high_school_biology,STEM,easy,Two unrelated species evolve in a way that makes them more similar.,Divergent evolution,Convergent evolution,Parallel evolution,Coevolution,1,B
q0019,conceptual_physics,STEM,easy,Newton’s law of cooling applies to objects that,cool,warm up,Both,Neither,2,C
q0020,college_biology,STEM,medium,Hardy-Weinberg equilibrium generally assumes all of the following EXCEPT,a large population,genetic drift,random mating,absence of selection,1,B
q0021,high_school_chemistry,STEM,medium,A 25 g sample of a liquid was heated to 100 °C and then quickly transferred to an insulated container holding 100 g of water at 22 °C. The temperature of the mixture rose to reach a final temperature of 35 °C. Which of the following can be concluded?,The sample temperature changed more than the water temperature did; therefore the sample lost more heat energy than the water gained.,"The sample temperature changed more than the water temperature did, but the sample lost the same amount of heat energy as the water gained.",The sample temperature changed more than the water temperature did; therefore the CP of the sample must be greater than the CP of the water.,The final temperature is less than the average starting temperature of the sample and the water; therefore the total energy of the sample and water decreased.,1,B
q0022,high_school_statistics,STEM,medium,"Tina’s science fair project was to estimate the mean amount of chemicals in her city’s water supply. At first, she had decided to use a random sample of 15 observations. But her teacher asked her to take 35 observations. The mean and standard deviation from 35 observations turned out to be approximately the same as those from 15 observations. Is there any advantage in using 35 observations instead of 15 observations?","There is no advantage. Because the mean and the standard deviation are about the same, the confidence interval computed using 35 observations should be approximately the same as that computed using 15 observations.","There is no advantage. In fact, the 20 extra observations will increase the likelihood of error.","There is no advantage. Because she took 35 observations instead of 15 observations, the confidence interval using 35 observations will be wider than that using 15 observations.","There is some advantage. Because she took 35 observations instead of 15 observations, the confidence interval using 35 observations will be narrower than that using 15 observations.",3,D
q0023,high_school_chemistry,STEM,medium,"Neutral atoms of chlorine are bombarded by high-energy photons, causing the ejection of electrons from the various filled subshells. Electrons originally from which subshell would have the highest velocity after being ejected?",1s,2p,3p,3d,2,C
q0024,astronomy,STEM,medium,Where is the crater from the impact that is believed to be responsible for the mass extinction of dinosaurs 65 million years ago?,Tunguska Siberia.,Chicxulub Crater Yucatan Peninsula in Mexico.,Quebec Canada.,Meteor Crater in Arizona.,1,B
q0025,computer_security,STEM,medium,How do you prevent SQL injection?,Escape queries,Interrupt requests,Merge tables,All of the above,0,A
q0026,high_school_statistics,STEM,medium,"A town has one high school, which buses students from urban, suburban, and rural communities. Which of the following samples is recommended in studying attitudes toward tracking of students in honors, regular, and below-grade classes?",Convenience sample,Simple random sample (SRS),Stratified sample,Systematic sample,2,C
q0027,high_school_statistics,STEM,medium,"After receiving several complaints from his customers about the store being closed on Sundays, a storekeeper decided to conduct a survey. He randomly selected 100 female customers and 120 male customers, and asked them, ""Are you interested in shopping at this store on Sundays?"" He counted the number of customers answering ""yes"" and constructed a 95 percent confidence interval for the difference by subtracting the proportions of female from the proportion of male customers in favor of shopping on Sundays. The resulting interval was (–0.23, –0.18). Which of the following is a correct interpretation of the interval?",We are 95 percent confident that the proportion of women interested in shopping on Sundays exceeds the proportion of men interested in shopping on Sundays.,We are 95 percent confident that the proportion of men interested in shopping on Sundays exceeds the proportion of women interested in shopping on Sundays.,We are 95 percent confident that the proportion of women interested in shopping on Sundays is equal to the proportion of men interested in shopping on Sundays.,"Because the interval contains negative values, it is invalid and should not be interpreted.",0,A
q0028,astronomy,STEM,medium,If you lived on Venus what phases of the Earth would you see? (Assume your telescope can see through Venus’s thick clouds…),New first quarter full third quarter,Waning crescent New Waxing crescent,Waxing gibbous Full Waning gibbous,New only,2,C
q0029,high_school_physics,STEM,medium,"Traveling at an initial speed of 1.5 × 10^6 m/s, a proton enters a region of constant magnetic field, B, of magnitude 1.0 T. If the proton's initial velocity vector makes an angle of 30° with the direction of B, compute the proton's speed 4 s after entering the magnetic field.",5.0 × 10^5 m/s,7.5 × 10^5 m/s,1.5 × 10^6 m/s,3.0 × 10^6 m/s,2,C
q0030,astronomy,STEM,medium,How did Eratosthenes estimate the size of the Earth in 240 B.C.?,By measuring the maximum altitude of the Sun in two cities at different latitudes at the same time on the same day.,By measuring the size of Earth's shadow on the Moon during a lunar eclipse.,By finding a place on Earth where the Sun passes directly overhead.,By sending fleets of ships around the Earth.,0,A
q0031,high_school_chemistry,STEM,medium,Your supervisor asks you to determine the enthalpy of a certain chemical reaction. Which would you do?,"Measure the ΔS and the ΔG for the reaction, and calculate the ΔH from the Gibbs free energy equation.",Use a bomb calorimeter to measure the heat of the reaction.,Use a solution calorimeter such as a coffee-cup calorimeter to measure the heat.,"Use a photoelectron spectrometer to measure the energies of all atoms in the compounds, and use Hess's law to add them.",2,C
q0032,computer_security,STEM,medium,A special tool is necessary for entering the network which is _______________ that helps the anonymous internet users to access into the Tor’s network and use various Tor services.,Opera browser,Firefox,Chrome,Tor browser,3,D
q0033,high_school_physics,STEM,medium,"A fluid of density ρ flows through a horizontal pipe with negligible viscosity. The flow is streamlined with constant flow rate. The diameter of the pipe at Point 1 is d and the flow speed is V. If the diameter of the pipe at Point 2 is d/3, then the pressure at Point 2 is",less than the pressure at Point 1 by 4 ρv^2,less than the pressure at Point 1 by 40 ρv^2,more than the pressure at Point 1 by 4 ρv^2,more than the pressure at Point 1 by 40 ρv^2,1,B
q0034,high_school_chemistry,STEM,medium,"Three 25.00 mL samples of approximately 0.10 M phenol, C6H5OH, Ka = 1.0 × 10^-10 were removed from a container and placed in separate 250 mL beakers. The samples were titrated with standard potassium hydroxide, KOH, solution. Cresol red was the acid-base indicator used in the titration. The samples required 31.75, 32.38, and 41.75 mL to reach the endpoint. Which of the following might explain why one of the samples required significantly more base to reach the endpoint?",The indicator was added too late.,The wrong indicator was used.,There was a base contaminating the unclean beaker.,There was an acid contaminating the unclean beaker.,3,D
q0035,high_school_statistics,STEM,medium,Which of the following is the central limit theorem?,"No matter how the population is distributed, as the sample size increases, the mean of the sample means becomes closer to the mean of the population.","No matter how the population is distributed, as the sample size increases, the standard deviation of the sample means becomes closer to the standard deviation of the population divided by the square root of the sample size.","If the population is normally distributed, then as the sample size increases, the sampling distribution of the sample mean becomes closer to a normal distribution.",The central limit theorem refers to something else.,3,D
q0036,astronomy,STEM,medium,Why are the inner planets made of denser materials than the outer planets?,In the beginning when the protoplanetary disk was spinning faster centrifugal forces flung the lighter materials toward the outer parts of the solar nebula.,In the inner part of the nebula only metals and rocks were able to condense because of the high temperatures whereas hydrogen compounds although more abundant were only able to condense in the cooler outer regions.,Denser materials were heavier and sank to the center of the nebula.,When the solar nebula formed a disk materials naturally segregated into bands and in our particular solar system the denser materials settled nearer the Sun while lighter materials are found in the outer part.,1,B
q0037,astronomy,STEM,medium,The Pleiades is an open star cluster that plays a role in many ancient stories and is well-known for containing ... bright stars.,5,7,9,12,1,B
q0038,high_school_chemistry,STEM,medium,Which of the following is considered a metalloid?,Cr,Mn,Si,S,2,C
q0039,computer_security,STEM,medium,Old operating systems like _______ and NT-based systems have buffer-overflow attack a common vulnerability.,Windows 7,Chrome,IOS12,UNIX,3,D
q0040,high_school_mathematics,STEM,hard,"The $n^{\text{th}}$ term of a certain geometric series is given by $a\cdot r^{n-1}$, where $a$ and $r$ are positive integers and $r$ is greater than 1. Bill picks out $k$ different numbers in this sequence, all of which have the same number of digits. What is the largest possible value of $k$?",4,5,8,16,0,A
q0041,high_school_mathematics,STEM,hard,"In 1960, there were 450,000 cases of measles reported in the U.S. In 1996, there were 500 cases reported. How many cases of measles would have been reported in 1987 if the number of cases reported from 1960 to 1996 decreased linearly?",337125,449500,27,112875,3,D
q0042,abstract_algebra,STEM,hard,"Statement 1 | If H is a subgroup of a group G and a belongs to G, then aH = Ha. Statement 2 | If H is normal of G and a belongs to G, then ah = ha for all h in H.","True, True","False, False","True, False","False, True",1,B
q0043,college_physics,STEM,hard,Sound waves moving at 350 m/s diffract out of a speaker enclosure with an opening that is a long rectangular slit 0.14 m across. At about what frequency will the sound first disappear at an angle of 45q from the normal to the speaker face?,500 Hz,"1,750 Hz","2,750 Hz","3,500 Hz",3,D
q0044,college_chemistry,STEM,hard,Nitronyl nitroxides are stable radicals in which the unpaired electron is coupled to two equivalent nitrogen nuclei. How many lines will appear in the EPR spectrum of a solution of a rigid nitronyl nitroxide diradical with J >> a?,3 lines,9 lines,5 lines,7 lines,3,D
q0045,college_physics,STEM,hard,"Two students perform an experiment in which they drop a ball from rest from a known height above the ground and measure the speed of the ball just before it strikes the ground. From repeated measurement, the students estimate the uncertainty in the measured speed of the ball to be 10 percent. Which of the following gives the uncertainty in the kinetic energy of the ball? (Assume the uncertainty in the ball’s mass is negligibly small.)",5%,10%,15%,20%,3,D
q0046,college_chemistry,STEM,hard,Which of the following is required for both paramagnetism and ferromagnetism?,Strong oxidizing conditions,Low-spin electron configuration,Metallic physical properties,Unpaired electrons,3,D
q0047,electrical_engineering,STEM,hard,"The resistance of a conductor of diameter d and length l is R Ω. If the diameter of the conductor is halved and its length is doubled, the resistance will be",R Ω,2R Ω,4R Ω,8R Ω,2,C
q0048,electrical_engineering,STEM,hard,In electrical resistance welding material of electrode should have,higher electrical conductivities.,higher thermal conductivities.,sufficient strength to sustain high pressure at elevated temperatures.,all of above.,3,D
q0049,electrical_engineering,STEM,hard,An SCR has half cycle surge current rating of 3000 A for 50 Hz supply. One cycle surge current will be,1500 A.,6000 A.,2121.32 A.,4242.64 A.,2,C
q0050,electrical_engineering,STEM,hard,The change of cross sectional area of conductor in magnetic field will affect,reluctance of conductor.,resistance of conductor.,(A) and (B) both in the same way.,none of above.,2,C
q0051,college_physics,STEM,hard,The eigenvalues of a Hermitian operator are always,real,imaginary,degenerate,linear,0,A
q0052,machine_learning,STEM,hard,"If your training loss increases with number of epochs, which of the following could be a possible issue with the learning process?",Regularization is too low and model is overfitting,Regularization is too high and model is underfitting,Step size is too large,Step size is too small,2,C
q0053,high_school_mathematics,STEM,hard,(i + 1)(5 – 5i)(5 + 5i) =,50 + 50i,50 – 50i,25 + 25i,25 – 25i,0,A
q0054,high_school_mathematics,STEM,hard,What is the sum of all positive integer values of $n$ such that $n^2$ is a factor of $1200$?,42,12,36,39,0,A
q0055,college_mathematics,STEM,hard,The maximum number of acute angles in a convex 10-gon in the Euclidean plane is,1,2,3,4,2,C
q0056,abstract_algebra,STEM,hard,Find all zeros in the indicated finite field of the given polynomial with coefficients in that field. x^2 + 1 in Z_2,0,1,"0,1",2,1,B
q0057,college_mathematics,STEM,hard,"Let f(x) be a function whose graph passes through the origin. If f(2n) = n^2 + f[2(n - 1)] for every integer n, what is the value of f(8)?",24,30,32,36,1,B
q0058,electrical_engineering,STEM,hard,In binary number system the first digit (bit) from right to left is called as,"LSB, Least Significant Bit","MSB, Most Significant Bit",First Bit,Last Bit,0,A
q0059,college_physics,STEM,hard,An atom has filled n = 1 and n = 2 levels. How many electrons does the atom have?,2,4,6,10,3,D
q0060,high_school_psychology,Social_Science,easy,Knowledge of different categories of trees and where they grow best is an example of what kind of long-term memory?,episodic memory,semantic memory,procedural memory,eidetic memory,1,B
q0061,high_school_psychology,Social_Science,easy,The Diagnostic and Statistical Manual of Mental Disorders (DSM-IV) published by the American Psychiatric Association provides information about all of the following EXCEPT,names of mental disorders,categorization of all mental disorders,primary symptoms of all mental disorders,causes of all mental disorders,3,D
q0062,high_school_government_and_politics,Social_Science,easy,Filibusters are less likely to occur in the House of Representatives than in the Senate because,Senate decorum forbids one senator from attempting to stop another's speech,the House meets for substantially fewer hours per day than does the Senate,"Senate sessions, unlike House sessions, are open to the public",debate in the House is in most instances strictly regulated by the rules,3,D
q0063,sociology,Social_Science,easy,Cultural restructuring has involved:,regenerating cities in economic decline,turning industrial landscapes into tourist attractions,selling sites and images through the 'symbolic economy' of media advertising,all of the above,3,D
q0064,high_school_government_and_politics,Social_Science,easy,An example of a categorical grant would be,money loaned by the federal government to cities to fund school maintenance,money given by the federal government to states without conditions,money loaned by the federal government to a private company to prevent it from failing,money given by the federal government to states to fund Head Start early education programs,3,D
q0065,high_school_geography,Social_Science,easy,The theory that most migration occurs over a short distance and in steps is attributed to,Rostow.,Ravenstein.,von Thünen.,Burgess.,1,B
q0066,high_school_psychology,Social_Science,easy,The brainstem is comprised of the,forebrain and RAS.,hindbrain and midbrain.,cerebellum and cerebrum.,right and left hemispheres.,1,B
q0067,high_school_geography,Social_Science,easy,The theory that every society develops economically according to a five-stage pattern of growth is attributed to,Rostow.,Ravenstein.,von Thünen.,Burgess.,0,A
q0068,high_school_psychology,Social_Science,easy,Implications of Harlow's study (of baby monkeys reared by artificial mothers) for humans include which of the following?,I only,II only,III only,I and II only,1,B
q0069,high_school_government_and_politics,Social_Science,easy,Which of the following describes a core principle of the Constitution as it was written in 1787?,Direct democracy,Checks and balances,Equal representation,Unitary government,1,B
q0070,high_school_psychology,Social_Science,easy,"According to trait theorists, such as Hans Eysenck, the basis for personality is",conflicting sources of psychic energy,the distinctive human ability to act purposefully and to shape our own destiny,"the interactions between thought and the environment, which influence behavior","stable sources of individual differences that characterize an individual, based on an interaction of nature and nurture",3,D
q0071,high_school_geography,Social_Science,easy,"What do the terms apartheid, ethnic cleansing, and integration all have in common?",They all occurred in Nazi Germany during World War I.,They are all forms of residential segregation.,They are all ways to integrate different ethnic populations in neighborhoods.,They are different expressions for the same concept.,1,B
q0072,high_school_psychology,Social_Science,easy,Use of brainstorming to solve a problem best encourages which of the following?,divergent thinking,convergent thinking,deductive reasoning,groupthink,0,A
q0073,high_school_psychology,Social_Science,easy,Knowledge of different categories of trees and where they grow best is an example of what kind of long-term memory?,episodic memory,semantic memory,procedural memory,eidetic memory,1,B
q0074,sociology,Social_Science,easy,The middle classes that developed over the nineteenth century were:,"an urban set, involved in civic bodies and voluntary associations",too diverse to have a strong sense of class consciousness,often involved in 'white collar' work,all of the above,3,D
q0075,high_school_psychology,Social_Science,easy,Some groups of gang members wear head coverings and sunglasses when they assault people. The use of such disguises contributes to,social loafing,cognitive dissonance,learned helplessness,deindividuation,3,D
q0076,high_school_psychology,Social_Science,easy,"Although a man watched in horror as his wife and children were killed by a speeding truck as they crossed the street, he has no memory of the event and gets upset when people tell him he must remember. The man is most likely suffering from",panic disorder,post-traumatic stress disorder,dissociative amnesia,bipolar disorder,2,C
q0077,high_school_psychology,Social_Science,easy,Which of the following has been linked to a deficit of dopamine?,major depressive disorder,autism,Parkinson's disease,Alzheimer's disease,2,C
q0078,sociology,Social_Science,easy,Chodorow (1978) argued that gender socialization occurred through:,"both boys and girls being closely attached to their mothers, but then boys breaking away",girls being attached to their mothers but then breaking away,boys being attached to their fathers and girls to their mothers,"both boys and girls being closely attached to their fathers, but girls breaking away",0,A
q0079,high_school_psychology,Social_Science,easy,Which of the following is primarily a chemical sense?,Touch,Vision,Taste,Hearing,2,C
q0080,high_school_microeconomics,Social_Science,medium,Which of the following goods is likely to provide both the largest total utility and the smallest marginal utility?,Plastic,Automobiles,Computers,Air,3,D
q0081,high_school_macroeconomics,Social_Science,medium,If the world price of copper exceeds the domestic (U.S.) price of copper we would expect,the United States to be a net exporter of copper.,the United States to impose a tariff on imported copper to protect domestic producers.,the demand for U.S. copper to fall.,a growing trade deficit in the United States in goods and services.,0,A
q0082,security_studies,Social_Science,medium,"What is the relationship between war, military security, and security studies?",War is best regarded as a rational instrument of political policy; it is a continuation of politics by other means.,"War is best regarded as a social aberration, and is the result of catastrophic failure in social cohesion.",War is an anarchic state in which state or other actors must draw upon exceptional (military) means in order to ensure the protection of their interests.,War is a state of mass conflict which is inflicted upon state actors as a result of their failure to effectively control the behaviour of their population.,0,A
q0083,high_school_macroeconomics,Social_Science,medium,Classical economists generally believe that I.   wages fluctuate quickly II.   Say's law does not hold III.   input and output prices will stay in line with each other IV.   the government should not worry about maintaining aggregate demand at an adequate level,II and IV only,I III and IV only,I and IV only,II and III only,1,B
q0084,high_school_macroeconomics,Social_Science,medium,If the economy were experiencing a recessionary gap choose the option below that would be an appropriate fiscal policy to eliminate the gap and the predicted impact of the policy on real GDP and unemployment. FISCAL POLICY     REAL GDP     UNEMPLOYMENT,Increase taxes.     Increase     Decrease,Decrease spending.     Decrease     Increase,Decrease taxes.     Increase     Increase,Decrease taxes.     Increase     Decrease,3,D
q0085,us_foreign_policy,Social_Science,medium,The departments of the executive branch that assist the president in designing and carrying out U.S. foreign policy are known as,the United Nations.,the National Security Council.,the State Department.,the National Security Agency.,2,C
q0086,professional_psychology,Social_Science,medium,The primary purpose of a realistic job preview is to:,increase the number of applicants for a job.,develop an accurate job description.,reduce on-the-job conflicts between managers and employees.,reduce employee dissatisfaction and turnover.,3,D
q0087,professional_psychology,Social_Science,medium,"Of the following, the most accurate statement about hypnotic induction is that it",is harmful to many clients,allows the therapist to control the client’s behavior,can be terminated by the client,works better with less intelligent clients,2,C
q0088,professional_psychology,Social_Science,medium,"A research project compared the performance of learning disabled and of normal students on ten scales of the Wechsler Intelligence Scale for Children ~ Revised (WISC-R). Ten univariate analyses of variance (ANOVAs) were run to test for differences between the two groups, but use of a multivariate analysis of variance (MANOVA) would have been more desirable because MANOVA",usually offers greater protection against Type Il error,does not require multiple-comparison follow-up tests in order to interpret significant effects,usually offers greater protection against a Type I error,is conceptually and computationally a simpler and more efficient approach,2,C
q0089,high_school_macroeconomics,Social_Science,medium,"""Flash"" estimates of GDP",are subject to revision.,do not require revision.,are available after a thirty-day lag.,both (A) and (C),3,D
q0090,high_school_macroeconomics,Social_Science,medium,A difference between M1 and M2 is that,M1 is a first mortgage and M2 is a second mortgage,M2 is M1 plus assets that are more liquid,M2 includes savings deposits,M1 is larger than M2,2,C
q0091,us_foreign_policy,Social_Science,medium,"International trade will almost always benefit both countries, so why do countries try to protect their own firms from exposure to the world market?",Irrationality on the part of the leadership,"Costs of free trade are concentrated, but benefits are dispersed",Regime type,International conflict prevents trade,1,B
q0092,high_school_macroeconomics,Social_Science,medium,Which of the following would NOT shift the aggregate demand curve?,A change in consumer confidence.,A change in technology.,A change in the money supply.,A change in spending by state governments.,1,B
q0093,high_school_microeconomics,Social_Science,medium,The market demand curve for labor will shift to the right when,the number of firms increases,the price of output decreases,the labor supply curve shifts to the right,the labor supply curve shifts to the left,0,A
q0094,professional_psychology,Social_Science,medium,"In Bandura's social learning theory, the concept of seif-reinforcement is critical for explaining how in the absence of external reward",socially appropriate behavior can be learned in the absence of models,rival responses are acquired,learned behavior is maintained over time,children can overcome the negative effects of poor models,2,C
q0095,high_school_macroeconomics,Social_Science,medium,When the FED lowers the discount rate its intention is to,give depository institutions a break on their borrowings.,signal participants in financial markets that a recession is coming.,signal participants in financial markets that an inflationary period is coming.,encourage borrowing by depository institutions so that the money supply may expand.,3,D
q0096,high_school_microeconomics,Social_Science,medium,An externality,causes the equilibrium price to be artificially high,causes the equilibrium price to be artificially low,exists when markets cannot reach equilibrium,results in an equilibrium that does not maximize the total benefit to society,3,D
q0097,professional_psychology,Social_Science,medium,"Dr. Vic Vasquez, a licensed psychologist, provides secretarial services and office space to Dr. Bernice Banquist in exchange for 20% of the fee that Dr. Banquist collects from her therapy clients. When Dr. Vasquez finds that he does not have time to see all of the clients who want to begin therapy with him, he begins referring some of them to Dr. Banquist and charges her 30% of the fee that Dr. Banquist collects from these referred clients. Acording to the ethics codes published by the American and Canadian Psychological Associations, charging more for referred clients is:","""unethical because it violates the prohibition against “fee splitting.""""""",unethical because it creates an unacceptable multiple relationship.,ethical only if the higher fee for referred clients reﬂects the actual costs associated with the referrals.,"""ethical because referral fees are prohibited only when they are """"clearly exploitative.”""",2,C
q0098,high_school_macroeconomics,Social_Science,medium,Contractionary monetary policy implies which of the following about the discount rate the nominal interest rate and aggregate demand? Discount rate      Nominal interest rate      Aggregate demand,Decreases            Increases      Decreases,Increases            Increases      Decreases,Decreases            Decreases      Decreases,Increases            Increases      Increases,1,B
q0099,high_school_macroeconomics,Social_Science,medium,Which of the following is a fundamental economic question?,Who will get how much of each good and service?,Who should pay taxes?,Who will work?,Who will make the economic decisions?,0,A
q0100,econometrics,Social_Science,hard,"How many parameters will be required to be estimated in total for all equations of a standard form, unrestricted, tri-variate VAR(4), ignoring the intercepts?",12,4,3,36,3,D
q0101,econometrics,Social_Science,hard,Which of the following statements concerning the regression population and sample is FALSE?,The population is the total collection of all items of interest,The population can be infinite,"In theory, the sample could be larger than the population",A random sample is one where each individual item from the population is equally likely to be drawn.,2,C
q0102,econometrics,Social_Science,hard,"Which of the following are plausible approaches to dealing with a model that exhibits heteroscedasticity?

i) Take logarithms of each of the variables

ii) Use suitably modified standard errors

iii) Use a generalised least squares procedure

iv) Add lagged values of the variables to the regression equation.",(ii) and (iv) only,(i) and (iii) only,"(i), (ii), and (iii) only","(i), (ii), (iii), and (iv)",2,C
q0103,econometrics,Social_Science,hard,"Suppose that the value of $R^2$ for an estimated regression model is exactly zero. Which of the following are true?

i) All coefficient estimates on the slopes will be zero

ii) The fitted line will be horizontal with respect to all of the explanatory variables

iii) The regression line has not explained any of the variability of y about its mean value

iv) The intercept coefficient estimate must be zero.",(ii) and (iv) only,(i) and (iii) only,"(i), (ii), and (iii) only","(i), (ii), (iii), and (iv)",2,C
q0104,econometrics,Social_Science,hard,"Under which of the following situations would bootstrapping be preferred to pure simulation?

i) If it is desired that the distributional properties of the data in the experiment

are the same as those of some actual data


ii) If it is desired that the distributional properties of the data in the experiment

are known exactly


iii) If the distributional properties of the actual data are unknown


iv) If the sample of actual data available is very small",(ii) and (iv) only,(i) and (iii) only,"(i), (ii), and (iv) only","(i), (ii), (iii), and (iv)",1,B
q0105,econometrics,Social_Science,hard,"Suppose that the following regression is estimated using 27 quarterly observations:

$y_t = \beta_1 + \beta_2 x_2 + \beta_3 x_{3t} + u_t$

What is the appropriate critical value for a 2-sided 5% size of test of $H_0: \beta_3 = 1$?",1.64,1.71,2.06,1.96,2,C
q0106,econometrics,Social_Science,hard,"A white noise process will have

(i) A zero mean

(ii) A constant variance

(iii) Autocovariances that are constant

(iv) Autocovariances that are zero except at lag zero",(ii) and (iv) only,(i) and (iii) only,"(i), (ii), and (iii) only","(i), (ii), (iii), and (iv)",0,A
q0107,econometrics,Social_Science,hard,"If a Johansen ""trace"" test for a null hypothesis of 2 cointegrating vectors is applied to a system containing 4 variables is conducted, which eigenvalues would be used in the test?",All of them,The largest 2,The smallest 2,The second largest,2,C
q0108,econometrics,Social_Science,hard,Which of the following is a DISADVANTAGE of using pure time-series models (relative to structural models)?,They are not theoretically motivated,They cannot produce forecasts easily,They cannot be used for very high frequency data,It is difficult to determine the appropriate explanatory variables for use in pure time-series models,0,A
q0109,econometrics,Social_Science,hard,"Which of the following may be consequences of one or more of the CLRM assumptions being violated?

i) The coefficient estimates are not optimal


ii) The standard error estimates are not optimal


iii) The distributions assumed for the test statistics are inappropriate


iv) Conclusions regarding the strength of relationships between the dependent

and independent variables may be invalid.",(ii) and (iv) only,(i) and (iii) only,"(i), (ii), and (iii) only","(i), (ii), (iii), and (iv)",3,D
q0110,econometrics,Social_Science,hard,Which one of the following criticisms of the Dickey-Fuller/Engle-Granger approach to dealing with cointegrated variables is overcome by the Engle-Yoo (EY) procedure?,"In the context of small samples, Dickey Fuller tests are prone to conclude that there is a unit root in a series when there is not",The Engle-Granger (EG) approach can only detect up to one cointegrating relationship even though there could be more than one,The variables are treated asymmetrically in the cointegrating tests,It is not possible to perform tests about the cointegrating relationship,3,D
q0111,econometrics,Social_Science,hard,"Which of the following statements are true concerning information criteria?

(i) Adjusted R-squared is an information criterion

(ii) If the residual sum of squares falls when an additional term is added, the value of the information criterion will fall

(iii) Akaike's information criterion always leads to model orders that are at least as large as those of Schwarz's information criterion

(iv) Akaike's information criterion is consistent",(ii) and (iv) only,(i) and (iii) only,"(i), (ii), and (iii) only","(i), (ii), (iii), and (iv)",1,B
q0112,econometrics,Social_Science,hard,Which one of the following is NOT a plausible remedy for near multicollinearity?,Use principal components analysis,Drop one of the collinear variables,Use a longer run of data,Take logarithms of each of the variables,3,D
q0113,econometrics,Social_Science,hard,"If the Engle-Granger test is applied to the residuals of a potentially cointegrating regression, what would be the interpretation of the null hypothesis?",The variables are cointegrated,The variables are not cointegrated,Both variables are stationary,Both variables are non-stationary,1,B
q0114,econometrics,Social_Science,hard,What are the dimensions of $\hat{u}^t \hat{u}?,T x k,T x 1,k x 1,1 x 1,3,D
q0115,econometrics,Social_Science,hard,Which one of the following is the most appropriate definition of a 99% confidence interval?,"99% of the time in repeated samples, the interval would contain the true value of the parameter","99% of the time in repeated samples, the interval would contain the estimated value of the parameter","99% of the time in repeated samples, the null hypothesis will be rejected","99% of the time in repeated samples, the null hypothesis will not be rejected when it was false",0,A
q0116,econometrics,Social_Science,hard,Which one of the following would be a plausible response to a finding of residual non-normality?,Use a logarithmic functional form instead of a linear one,Add lags of the variables on the right hand side of the regression model,Estimate the model in first differenced form,Remove any large outliers from the data.,3,D
q0117,econometrics,Social_Science,hard,The order condition is,A necessary and sufficient condition for identification,A necessary but not sufficient condition for identification,A sufficient but not necessary condition for identification,A condition that is nether necessary nor sufficient for identification,1,B
q0118,econometrics,Social_Science,hard,"A researcher tests for structural stability in the following regression model:

$y_t = \beta_1 + \beta_2 x_{2t} + \beta_3 x_{3t} + u_t$

The total sample of 200 observations is split exactly in half for the sub-sample regressions. Which would be the unrestricted residual sum of squares?",The RSS for the whole sample,The RSS for the first sub-sample,The RSS for the second sub-sample,The sum of the RSS for the first and second sub-samples,3,D
q0119,econometrics,Social_Science,hard,What is the most important disadvantage of the diagonal VECH approach to building multivariate GARCH models that is overcome by the BEKK formulation?,The diagonal VECH model is hard to interpret intuitively,The diagonal VECH model contains too many parameters,The diagonal VECH model does not ensure a positive-definite variance-covariance matrix,The BEKK model reduces the dimensionality problem that arises when a number of series are modelled together.,2,C
q0120,high_school_us_history,Humanities,easy,"This question refers to the following information.
""If it be conceded, as it must be by every one who is the least conversant with our institutions, that the sovereign powers delegated are divided between the General and State Governments, and that the latter hold their portion by the same tenure as the former, it would seem impossible to deny to the States the right of deciding on the infractions of their powers, and the proper remedy to be applied for their correction. The right of judging, in such cases, is an essential attribute of sovereignty, of which the States cannot be divested without losing their sovereignty itself, and being reduced to a subordinate corporate condition. In fact, to divide power, and to give to one of the parties the exclusive right of judging of the portion allotted to each, is, in reality, not to divide it at all; and to reserve such exclusive right to the General Government (it matters not by what department to be exercised), is to convert it, in fact, into a great consolidated government, with unlimited powers, and to divest the States, in reality, of all their rights, It is impossible to understand the force of terms, and to deny so plain a conclusion.""
—John C. Calhoun, ""South Carolina Exposition and Protest,"" 1828
The issue that precipitated the passage excerpted above was",the removal of American Indians from the South.,the rechartering of the Second Bank of the United States.,the passage of an act creating higher tariff rates.,"the funding of ""internal improvements.""",2,C
q0121,prehistory,Humanities,easy,Which culture hosted the above celebration?,the Ancestral Puebloans of the southwestern desert,the Mogollon of the southwestern mountains,the Kwakiutl of the Pacific Northwest,the Hopewell of the American Midwest,2,C
q0122,high_school_world_history,Humanities,easy,"This question refers to the following information.
""The struggle against neo-colonialism is not aimed at excluding the capital of the developed world from operating in less developed countries. It is aimed at preventing the financial power of the developed countries being used in such a way as to impoverish the less developed.
Non-alignment, as practiced by Ghana and many other countries, is based on co-operation with all States whether they be capitalist, socialist or have a mixed economy. Such a policy, therefore, involves foreign investment from capitalist countries, but it must be invested in accordance with a national plan drawn up by the government of the non-aligned State with its own interests in mind. The issue is not what return the foreign investor receives on his investments…The question is one of power. A State in the grip of neo-colonialism is not master of its own destiny.""
Kwame Nkrumah, Neo-Colonialism, 1965
Which of the following most inspired the national plan advanced by Nkrumah in the second paragraph?",Fascism,Social Darwinism,Classical liberalism,Socialism,3,D
q0123,prehistory,Humanities,easy,"When did the acquisition of raw materials from greater distances increase, and what does it indicate?",during the Upper Paleolithic; long- distance contacts with greater reliance on trade with distant groups,during the Middle Paleolithic; the acquisition of raw materials from greater distances indicates people moved more often,during the Middle Paleolithic; broader social networks were based on frequent movement for trade and long-distance contacts,"during the Upper Paleolithic; the importance of higher-quality, imported materials was more widely appreciated",0,A
q0124,high_school_us_history,Humanities,easy,"This question refers to the following information.
""Some men look at constitutions with sanctimonious reverence, and deem them like the ark of the covenant, too sacred to be touched. They ascribe to the men of the preceding age a wisdom more than human, and suppose what they did to be beyond amendment….But I know also, that laws and institutions must go hand in hand with the progress of the human mind. As that becomes more developed, more enlightened, as new discoveries are made, new truths disclosed, and manners and opinions change with the change of circumstances, institutions must advance also, and keep pace with the times.""
Thomas Jefferson, 1816
Which of the following best describes a contributing factor in the crafting of the United States Constitution?","Individual state constitutions written at the time of the Revolution tended to cede too much power to the federal government, leading to a call for reform on the part of Anti-Federalists.",The weaknesses of the Articles of Confederation led James Madison to question their efficacy and prompted a formation of the Constitutional Congress in 1787,Difficulties over trade and foreign relations led to a repeal of overly restrictive tariffs required by the Articles of Confederation.,Washington's embarrassing failure at the Whiskey Rebellion led to Federalist demands for a new framework for federal power.,1,B
q0125,prehistory,Humanities,easy,The argument in favor of hominids making and using stone tools by at least 3.3 million years ago is supported by:,cut marks on animal bones that were made by butchering with pieces of stone.,the anatomy of Australopithecus africanus hands and analogies with studies of living non-human primates that demonstrate tool use.,"simple stone cores, anvil stones, and flakes found at the Lomekwi 3 site in West Turkana, Kenya.",all of the above.,3,D
q0126,high_school_european_history,Humanities,easy,"This question refers to the following information.
""It's come! It's posted at the district mayor's office,"" a passerby shouted at me as he ran. I reached the Rue Drout in one leap. … I read the message at a glance. … ""The First Day of Mobilization Will Be Sunday, August 2 [1914]."" … It was an announcement to a million and a half Frenchmen. … War! … Dead tired but exhilarated, I got back to [my newspaper's office] and burst into the office of Georges Clemenceau, our chief. ""What is Paris saying?"" he asked me. ""It's singing, sir!"" ""It will be all right then[,"" Clemenceau replied].
Roland Doregelès, After 50 Years, c. 1965
From the passage, one may infer that Clemenceau",was disgusted to hear that Paris was reacting with joy at the advent of war,had grave doubts about France's ability to win a war against Germany,would one day serve as prime minister of France,was relieved to hear that Paris was reacting with joy at the advent of war,3,D
q0127,high_school_world_history,Humanities,easy,"This question refers to the following information.
The city of Ghana consists of two towns. One is inhabited by Muslims and has twelve mosques, salaried imams and muezzins, and jurists and scholars. In the environs are wells with sweet water, from which they drink and with which they grow vegetables. . . . The king's interpreters, the official in charge of his treasury and the majority of his ministers are Muslims. Only royalty may wear sewn clothes. All other people wear robes of cotton, silk, or brocade, according to their means. . . . The king adorns himself like a woman, wearing necklaces round his neck and bracelets on his forearms. . . . He sits . . . in a domed pavilion around which stand ten horses. When people who profess the same religion as the king approach him they fall on their knees and sprinkle dust on their heads, for this is their way of greeting him. As for the Muslims, they greet him only by clapping their hands. [The people's] religion is paganism and the worship of idols. . . . On every donkey-load of salt when it is brought into the country their king levies one golden dinar, and two dinars when it is sent out. From a load of copper the king's due is five mithqals, and from a load of other goods ten mithqals. . . . The nuggets found in all the mines of his country are reserved for the king, only this gold dust being left for the people. But for this the people would accumulate gold until it lost its value. Beyond this country lies another called Malal, the king of which was sincerely attached to Islam, while the common people of his kingdom remained polytheists. Since then their rulers have been given the title of al-musulmani .
—The Book of Routes and Realms , by Abu Ubaydallah al-Bakri, eleventh-century Muslim historian and geographer
According to the passage, which statement below correctly describes the economy of Ghana?",The king of Ghana's subjects are engaged in salt mining.,The Ghanians raised cattle for meat and hides.,The king of Ghana taxed salt and copper imports and exports.,The Ghanians had a self-sufficient farming economy.,2,C
q0128,prehistory,Humanities,easy,To which primate are humans most closely related?,chimpanzees,gorillas,orangutans,gibbons,0,A
q0129,high_school_european_history,Humanities,easy,"This question refers to the following information.
The passage below is written by John Calvin.
If we need to be recalled to the origin of election, to prove that we obtain salvation from no other source than the mere goodness of God, they who desire to extinguish this principle, do all they can to obscure what ought to be magnificently and loudly celebrated, and to pluck up humility by the roots. In ascribing the salvation of the remnant of the people to the election of grace, Paul clearly testifies, that it is then only known that God saves whom upon which there can be no claim. They who shut the gates to prevent anyone from presuming to approach and taste this doctrine, do no less injury to man than to God; for nothing else will be sufficient to produce in us suitable humility, or to impress us with a due sense of our great obligations to God. Nor is there any other basis for solid confidence, even according to the authority of Christ, who, to deliver us from all fear, and render us invincible amidst so many dangers, snares, and deadly conflicts, promises to preserve in safety all whom the Father has committed to His care.
—John Calvin, Institutes of the Christian Religion, 1559
Which of the following religions that started around the same time as Calvinism was destroyed for supporting adult baptism and pacifism?",Huguenots,Lutherans,Presbyterians,Anabaptists,3,D
q0130,world_religions,Humanities,easy, What is the foremost reason for wearing the hijab in the present day?,Islamic identity,Islamic modesty,Islamic obedience,Islamic seclusion,0,A
q0131,high_school_european_history,Humanities,easy,"This question refers to the following information.
First we must remark that the cosmos is spherical in form, partly because this form being a perfect whole requiring no joints, is the most complete of all, partly because it makes the most capacious form, which is best suited to contain and preserve everything; or again because all the constituent parts of the universe, that is the sun, moon and the planets appear in this form; or because everything strives to attain this form, as appears in the case of drops of water and other fluid bodies if they attempt to define themselves. So no one will doubt that this form belongs to the heavenly bodies. …
That the earth is also spherical is therefore beyond question, because it presses from all sides upon its center. Although by reason of the elevations of the mountains and the depressions of the valleys a perfect circle cannot be understood, yet this does not affect the general spherical nature of the earth. …
As it has been already shown that the earth has the form of a sphere, we must consider whether a movement also coincides with this form, and what place the earth holds in the universe. … The great majority of authors of course agree that the earth stands still in the center of the universe, and consider it inconceivable and ridiculous to suppose the opposite. But if the matter is carefully weighed, it will be seen that the question is not yet settled and therefore by no means to be regarded lightly. Every change of place which is observed is due, namely, to a movement of the observed object or of the observer, or to movements of both. … Now it is from the earth that the revolution of the heavens is observed and it is produced for our eyes. Therefore if the earth undergoes no movement this movement must take place in everything outside of the earth, but in the opposite direction than if everything on the earth moved, and of this kind is the daily revolution. So this appears to affect the whole universe, that is, everything outside the earth with the single exception of the earth itself. If, however, one should admit that this movement was not peculiar to the heavens, but that the earth revolved from west to east, and if this was carefully considered in regard to the apparent rising and setting of the sun, the moon and the stars, it would be discovered that this was the real situation.""
Nicolas Copernicus, The Revolutions of the Heavenly Bodies, 1543
The passage may be used as evidence that Copernicus differed from the traditional, Aristotelian natural philosophers of his day because he suggested that",the cosmos is spherical,the Earth is spherical,the cosmos is geostatic,the Earth is not stationary,3,D
q0132,high_school_us_history,Humanities,easy,"This question refers to the following information.
The 1980s have been born in turmoil, strife, and change. This is a time of challenge to our interests and our values and it's a time that tests our wisdom and skills.
At this time in Iran, 50 Americans are still held captive, innocent victims of terrorism and anarchy. Also at this moment, massive Soviet troops are attempting to subjugate the fiercely independent and deeply religious people of Afghanistan. These two acts—one of international terrorism and one of military aggression—present a serious challenge to the United States of America and indeed to all the nations of the world. Together we will meet these threats to peace.…
Three basic developments have helped to shape our challenges: the steady growth and increased projection of Soviet military power beyond its own borders; the overwhelming dependence of the Western democracies on oil supplies from the Middle East; and the press of social and religious and economic and political change in the many nations of the developing world, exemplified by the revolution in Iran.
Each of these factors is important in its own right. Each interacts with the others. All must be faced together, squarely and courageously. We will face these challenges, and we will meet them with the best that is in us. And we will not fail.
—Jimmy Carter, State of the Union Address, January 23, 1980
The problems that Carter faced in 1980 can best be compared to those of which of the following?",Abraham Lincoln in the 1860s,Theodore Roosevelt in the 1900s,Warren Harding in the 1920s,Franklin D. Roosevelt in the 1930s,3,D
q0133,high_school_world_history,Humanities,easy,"This question refers to the following information.
""The Chinese are all infidels: they worship images, and burn their dead just like the [Hindus]. The King of China is a Tartar, and one of the descendants of [Ghenghis] Khan…In all the Chinese provinces, there is a town for the [Muslims], and in this they reside. They also have cells, colleges, and mosques, and are made much of by the Kings of China…
When we approached this city [of Hangzhou] we were met by its judge, the [elders] of Islamism, and the great merchants. The [Muslims] are exceedingly numerous here. This whole city is surrounded by a wall: each of the six [districts of Hangzhou] is also surrounded by a wall. In the first reside the guards, with their commander. I was told that, in the muster-rolls, these amount to twelve thousand…In the second division are the Jews, Christians, and the Turks who worship the sun: these are numerous, their number is not known: and theirs is the most beautiful city. Their streets are well disposed, and their great men are exceedingly wealthy. There are in the city a great number of [Muslims], with some of whom I resided for fifteen days; and was treated most [honorably]…""
Ibn Battuta, Voyages, 1332–1346 C.E.
Which of the following conclusions about the period 600 C.E.–1450 C.E. is most directly supported by the passage?",Long-distance contact between civilizations stagnated.,New religious traditions overturned prior lasting religious beliefs.,The empires of steppe nomads united trade links across Eurasia.,Technological developments spread across trade routes.,2,C
q0134,high_school_european_history,Humanities,easy,"This question refers to the following information.
The pair of excerpts below is written by explorer Christopher Columbus and the Dominican Bishop of Chiapas, Mexico, Bartholomew de las Casas.
Source 1
Indians would give whatever the seller required. . . . Thus they bartered, like idiots, cotton and gold for fragments of bows, glasses, bottles, and jars; which I forbad as being unjust, and myself gave them many beautiful and acceptable articles which I had brought with me, taking nothing from them in return; I did this in order that I might the more easily conciliate them, that they might be led to become Christians, and be inclined to entertain a regard for the King and Queen, our Princes and all Spaniards, and that I might induce them to take an interest in seeking out, and collecting and delivering to us such things as they possessed in abundance, but which we greatly needed.
—Christopher Columbus: letter to Raphael Sanchez, 1493
Source 2
It was upon these gentle lambs . . . that from the very first day they clapped eyes on them the Spanish fell like ravening wolves upon the fold, or like tigers and savage lions who have not eaten meat for days. The pattern established at the outset has remained unchanged to this day, and the Spaniards still do nothing save tear the natives to shreds, murder them and inflict upon them untold misery, suffering and distress, tormenting, harrying and persecuting them mercilessly. We shall in due course describe some of the many ingenious methods of torture they have invented and refined for this purpose, but one can get some idea of the effectiveness of their methods from the figures alone. When the Spanish first journeyed there, the indigenous population of the island of Hispaniola stood at some three million; today only two hundred survive. Their reason for killing and destroying such an infinite number of souls is that the Christians have an ultimate aim, which is to acquire gold, and to swell themselves with riches in a very brief time and thus rise to a high estate disproportionate to their merits.
—Bartholomew de las Casas: A Short Account of the Destruction of the Indies, 1542
The free flow of plants and animals, as well as trade goods, between Europe and the Americas is referred to by historians as the Columbian Exchange, and affected the Europeans in which of the following ways?",Economic opportunities were reduced.,They were subjugated and destroyed.,Economic opportunities were created.,They were enriched through trade in Native American slaves.,2,C
q0135,high_school_world_history,Humanities,easy,"This question refers to the following information.
Source 1:
""In the days of a great struggle against a foreign enemy who has been endeavoring for three years to enslave our country, it pleased God to send Russia a further painful trial. Internal troubles threatened to have a fatal effect on the further progress of this obstinate war. The destinies of Russia, the honor of her heroic Army, the happiness of the people, and the whole future of our beloved country demand that the war should be conducted at all costs to a victorious end.
The cruel enemy is making his last efforts and the moment is near when our valiant Army, in concert with our glorious Allies, will finally overthrow the enemy. In these decisive days in the life of Russia we have thought that we owed to our people the close union and organization of all its forces for the realization of a rapid victory; for which reason, in agreement with the Imperial Duma, we have recognized that it is for the good of the country that we should abdicate the Crown of the Russian State and lay down the Supreme Power.""
Tsar Nicholas II, Abdication, March 15, 1917
Source 2:
""History will not forgive revolutionaries for procrastinating when they could be victorious today (and they certainly will be victorious today), while they risk losing much tomorrow, in fact, the risk losing everything.
If we seize power today, we seize it not in opposition to the Soviets but on their behalf. The seizure of power is the business of the uprising; its political purpose will become clear after the seizure….
It would be an infinite crime on the part of the revolutionaries were they to let the chance slip, knowing that the salvation of the revolution, the offer of peace, the salvation of Petrograd, salvation from famine, the transfer of the land to the peasants depend upon them.
The government is tottering. It must be given the death-blow at all costs.""
Vladimir Illyich Lenin, Call to Power, October 24, 1917
Czar Nicholas II's declaration of abdication in Source 1 is best understood in light of which of the following?",Economic prosperity that fostered dislike of the aristocracy,Widespread dislike of Nicholas' tolerance of political dissidents,Large-scale military losses and resentment of the working classes,Persecution of religious minorities,2,C
q0136,high_school_us_history,Humanities,easy,"This question refers to the following information.
Those who came before us made certain that this country rode the first waves of the industrial revolutions, the first waves of modern invention, and the first wave of nuclear power, and this generation does not intend to flounder in the backwash of the coming age of space. We mean to be a part of it—we mean to lead it. For the eyes of the world now look into space, to the moon, and the planets beyond, and we have vowed that we shall not see it governed by a hostile flag of conquest, but by a banner of freedom and peace. We have vowed that we shall not see space filled with weapons of mass destruction, but with instruments of knowledge and understanding.… We choose to go to the moon. We choose to go to the moon in this decade and do the other things, not because they are easy, but because they are hard, because that goal will serve to organize and measure the best of our energies and skills, because that challenge is one that we are willing to accept, one we are unwilling to postpone, and one which we intend to win, and the others, too.
—John F. Kennedy, September 12, 1962
Kennedy's speech can best be compared to which of the following?","Dwight Eisenhower's speech on the ""military-industrial complex""",George Washington's Farewell Address,Abraham Lincoln's Gettysburg Address,"Franklin D. Roosevelt's ""Arsenal of Democracy"" speech",3,D
q0137,high_school_world_history,Humanities,easy,"This question refers to the following information.
The following poem refers to an incident in Sharpeville, South Africa, in 1960. To protest the requirement that they carry papers documenting their identity and residence, black South Africans gathered in front of police stations without their papers. Though other protests ended peacefully, in Sharpeville, police fired into the crowd.
What is important
about Sharpeville
is not that seventy died:
nor even that they were shot in the back
retreating, unarmed, defenceless
and certainty not
the heavy caliber slug
that tore through a mother's back
and ripped through the child in her arms
killing it
Remember Sharpeville
bullet-in-the-back day
Because it epitomized oppression
and the nature of society
More clearly than anything else;
it was the classic event
Nowhere is racial dominance
more clearly defined
nowhere the will to oppress
more clearly demonstrated
What the world whispers
apartheid declares with snarling guns
the blood the rich lust after
South Africa spills dust
Remember Sharpeville
Remember bullet-in-the-back day
And remember the unquenchable will for freedom
Remember the dead
and be glad
—Dennis Brutus, 1973
The discriminatory system referred to in the poem was known as",Jim Crow.,spheres of influence.,Boer division.,apartheid.,3,D
q0138,prehistory,Humanities,easy,Paleogenetic and paleoecological evidence points to dates of occupation for Australia as far back as:,"80,000 B.P.","70,000 B.P.","60,000 B.P.","40,000 B.P.",2,C
q0139,high_school_world_history,Humanities,easy,"This question refers to the following information.
""Al-Zawawi also said 'This sultan Musa told me that at a town called ZKRY he has a copper mine from which ingots are brought to BYTY. ""There is nothing in my kingdom, Musa said, on which a duty is levied except this crude copper which is brought in. Duty is collected on this and on nothing else. We send it to the land of the pagan Sudan and sell it for two-thirds of its weight in gold, so that we sell 100 measures of this copper for 66 2/3 measures of gold.' He also stated that there are pagan nations in his kingdom from whom he does not collect the tribute (jizya) but whom he simply employs in extracting the gold from its deposits. The gold is extracted by digging pits about a man's height in depth and the gold is found embedded in the sides of the pits or sometimes collected at the bottom of them.""
From N. Levtzion & J.F.P. Hopkins, eds. Corpus of Early
Arabic Sources for West African History. Cambridge
University Press, 1981. Reprinted with permission of
Cambridge University Press.
Al' Umari, ca. 1300–1384
Which of the following best accounts for the spread of Islam to the lands of the kingdom of Mali?",Muslim missionaries who came from Southern Africa.,Trade contacts who came from the north across the Sahara.,Berber armies who conquered the former kingdom of Ghana.,Pressure from Christian Ethiopia caused the king of Mali to seek Muslim allies.,1,B
q0140,logical_fallacies,Humanities,medium,"William Safire in American Heritage Magazine (December 1987): ...The greatness of Lincoln was his purposefulness. He saw something that few others saw: that the democratic experiment centered on the Union and that majority rule was everything. The minute you allowed secession, you made democracy an absurdity---because what would happen would be continued subdivision.",Slippery Slope,Questionable Analogy,Appeal to Authority,Straw Man,0,A
q0141,philosophy,Humanities,medium,The view that art is defined by its form is known as _____.,informalism,expressionism,formalism,structuralism,2,C
q0142,philosophy,Humanities,medium,When using visual methods in a research project what should you take into consideration alongside the legal guidelines?,What constitutes a public space,Protecting individuals from potential harm,Any risk of invasion of privacy,All of the above.,3,D
q0143,philosophy,Humanities,medium,Aristotle divides the virtues into:,natural virtues and artificial virtues.,moral virtues and intellectual virtues.,positive virtues and negative virtues.,human virtues and divine virtues.,1,B
q0144,international_law,Humanities,medium,What was the outcome before the European Court of Human Rights in the Al-Adsani case?,The Court held that the right to a fair trial trumped the privilege of immunity,The Court held that immunity trumped the right to a fair trial,The Court held that immunities were not in conflict with the right to a fair trial,"The Court held that human rights considerations prevailed over all other contrary rules of international law, including most immunities",2,C
q0145,moral_disputes,Humanities,medium, The view that moral considerations do not apply to war is known as,jus ad bellum.,antiwar pacifism.,just war theory.,moral nihilism.,3,D
q0146,jurisprudence,Humanities,medium,Which description below most accurately captures the distinction between Gemeinschaft and Gesellschaft?,"Gemeinschaft is democratic Gesellschaft, autocratic.","Gemeinschaft exists in civil society, Gesellschaft in civic society.","Gemeinschaft is a society based on community, Gesellschaft one based on association","Gemeinschaft refers to an open government, Gesellschaft to a lack of transparency.",2,C
q0147,moral_disputes,Humanities,medium," Against Kant's view of sexual objectification, Papadaki argues that",it is not clear how sexual use sacrifices humanity.,Kant is wrong to think about the wrong of sexual objectification in terms of humanity.,sexual objectification actually enhances humanity.,Papadaki actually agrees with Kant's view,0,A
q0148,international_law,Humanities,medium,Should treaties assume a particular form?,Treaties should always be designated as such and assume a particular form,"Treaties should always assume a particular form, no matter how they are designated",Treaties do not have to assume a particular form or designated as such,"Treaties have to be designated as such, no matter what form they assume",2,C
q0149,moral_disputes,Humanities,medium," Shapiro claims that humans are social or cultural animals, which is significant for his view because it implies that",social norms or rules play a significant role in influencing behavior.,we are just products of our biochemistry.,past experience plays a significant role in influencing behavior.,none of the above,0,A
q0150,moral_disputes,Humanities,medium, Singer argues that developing nations are harming poor nations by,causing global warming.,"handing out too much foreign aid, which increases need.",ignoring important aspects of their culture.,indoctrinating them with Western values.,0,A
q0151,philosophy,Humanities,medium,Hare claims that a person who refuses to make any positive moral judgments:,is irrational.,is immoral.,cannot coherently invoke morality to protect one’s own interests.,couldn’t possibly exist.,2,C
q0152,jurisprudence,Humanities,medium,Which of the following purposes does the 'internal point of view' play in Hart's concept of law?,It distinguishes social rules from mere group habits.,It defines the judicial function.,It illustrates the authority of the legislature.,It stresses the relationship between law and justice.,0,A
q0153,logical_fallacies,Humanities,medium,Which of the following describes the straw person fallacy?,arguing someone should do something only because it will make him or her better liked,"saying an opposing arguer has taken a position that you can easily defeat, when he or she has not taken that position, then going on to defeat that position and claim to have done significant damage to that arguer's overall argument",attacking the character or background of an opposing arguer instead of responding to that person's arguments with good evidence and sound reasoni,responding to an argument with an expression of derision instead of a counter argument,1,B
q0154,philosophy,Humanities,medium,"According to Socrates, the value or quality of one's life depends on understanding the principles of, or basic rationale for human existence.  Without such knowledge (he suggests) life lacks virtue, because:",acting virtuously means acting in way that is informed about what one is doing and why.,someone who does not understand existence philosophically could never do anything right.,to have the power or ability to do anything at all requires that we know what we are doing.,not only is virtue knowledge but also the unexamined life is not worth living.,0,A
q0155,moral_disputes,Humanities,medium, Lukianoff and Haidt argue that trigger warnings involve which kind of pathological thinking?,fortune-telling,blaming,dichotomous thinking,resentment,1,B
q0156,moral_disputes,Humanities,medium, One kind of externality imposed on the world's poor by the economic activity of wealthy nation is,unequal social order.,authoritarian regimes.,crime.,pollution.,3,D
q0157,logical_fallacies,Humanities,medium,Which of the following best describes the fallacy of self-evident truths?,arguing that a claim is true based only on evidence that an authority figure accepts the claim.,arguing a claim should be accepted based only on evidence that unidentified authorities accept it.,"arguing that a claim should be accepted based on evidence that is not presented, but is asserted to be well known or obvious.",arguing someone should accept a claim based only on the evidence that he or she has the favorable characteristics to understand the truth of the claim.,2,C
q0158,philosophy,Humanities,medium,"According to Ross, our prima facie duties:",can be proven.,are self-evident.,cannot be known.,are not objective.,1,B
q0159,moral_disputes,Humanities,medium, Mill defends the harm principle on the basis of which moral theory?,Kantian moral theory,Utilitarianism,The ethics of prima facie duty,Social contract theory,1,B
q0160,moral_scenarios,Humanities,hard,"For which of these two scenarios does the main character (who uses I/me/my) do something clearly morally wrong, according to ordinary moral standards in the US as of 2020? Scenario 1 | I ate a piece of the birthday cake at the party I was invited to. Scenario 2 | I left the baby in the car while I shopped.","Wrong, Wrong","Wrong, Not wrong","Not wrong, Wrong","Not wrong, Not wrong",2,C
q0161,moral_scenarios,Humanities,hard,"For which of these two scenarios does the main character (who uses I/me/my) do something clearly morally wrong, according to ordinary moral standards in the US as of 2020? Scenario 1 | The kitten could not drink on its own, so I fed it to the dog. Scenario 2 | To prevent the cat from getting loose, I put a hook in its mouth.","Wrong, Wrong","Wrong, Not wrong","Not wrong, Wrong","Not wrong, Not wrong",0,A
q0162,moral_scenarios,Humanities,hard,"For which of these two scenarios does the main character (who uses I/me/my) do something clearly morally wrong, according to ordinary moral standards in the US as of 2020? Scenario 1 | I did not laugh at the midget walking by me humming the willy wanka song.. Scenario 2 | I grabbed the grinning little boy, a stranger, while at the Mall.","Wrong, Wrong","Wrong, Not wrong","Not wrong, Wrong","Not wrong, Not wrong",2,C
q0163,formal_logic,Humanities,hard," Construct a complete truth table for the following argument. Then, using the truth table, determine whether the argument is valid or invalid. If the argument is invalid, choose an option which presents a counterexample. (There may be other counterexamples as well.)
M ∨ N
~M · O / N",Valid,Invalid. Counterexample when M and O are true and N is false,Invalid. Counterexample when M is true and O and N are false,Invalid. Counterexample when O is true and M and N are false,0,A
q0164,moral_scenarios,Humanities,hard,"For which of these two scenarios does the main character (who uses I/me/my) do something clearly morally wrong, according to ordinary moral standards in the US as of 2020? Scenario 1 | I watched from outside while she took her shower. Scenario 2 | I explained to her her house was on fire, despite the fact that I couldn't stand her drama.","Wrong, Wrong","Wrong, Not wrong","Not wrong, Wrong","Not wrong, Not wrong",1,B
q0165,moral_scenarios,Humanities,hard,"For which of these two scenarios does the main character (who uses I/me/my) do something clearly morally wrong, according to ordinary moral standards in the US as of 2020? Scenario 1 | I rented a sleek and sexy boat for the afternoon. Scenario 2 | I put the candy-coated pills on a low shelf because my kid brother thinks they're candy.","Wrong, Wrong","Wrong, Not wrong","Not wrong, Wrong","Not wrong, Not wrong",2,C
q0166,moral_scenarios,Humanities,hard,"For which of these two scenarios does the main character (who uses I/me/my) do something clearly morally wrong, according to ordinary moral standards in the US as of 2020? Scenario 1 | In my midlife crisis, I built a man cave. Scenario 2 | I handed my brother the toothbrush so he could clean his teeth.","Wrong, Wrong","Wrong, Not wrong","Not wrong, Wrong","Not wrong, Not wrong",3,D
q0167,moral_scenarios,Humanities,hard,"For which of these two scenarios does the main character (who uses I/me/my) do something clearly morally wrong, according to ordinary moral standards in the US as of 2020? Scenario 1 | I slammed on my breaks to avoid hitting the animal as it ran in front of my car. Scenario 2 | I came home late one night to find that I had lost my house keys, so I had to break into my own home.","Wrong, Wrong","Wrong, Not wrong","Not wrong, Wrong","Not wrong, Not wrong",3,D
q0168,formal_logic,Humanities,hard," Select the best translation into predicate logic: Ms. Jackson lent me some sugar, but neither Janet nor Latoya did.",Lm ∨ ~(Jl ∨ Ll),Lm • ~(Lj • Ll),Lm • ~(Lj ∨ Ll),Lm ∨ ~(Lj • Ll),2,C
q0169,moral_scenarios,Humanities,hard,"For which of these two scenarios does the main character (who uses I/me/my) do something clearly morally wrong, according to ordinary moral standards in the US as of 2020? Scenario 1 | I slapped my sister’s head. Scenario 2 | I told my daughter Keyla she must find new friends because two of them are African American.","Wrong, Wrong","Wrong, Not wrong","Not wrong, Wrong","Not wrong, Not wrong",0,A
q0170,moral_scenarios,Humanities,hard,"For which of these two scenarios does the main character (who uses I/me/my) do something clearly morally wrong, according to ordinary moral standards in the US as of 2020? Scenario 1 | I always gave extra credit on exams to those who had blue eyes. Scenario 2 | I sat outside to spy on the neighbors that came out at night.","Wrong, Wrong","Wrong, Not wrong","Not wrong, Wrong","Not wrong, Not wrong",0,A
q0171,formal_logic,Humanities,hard,"Identify the conclusion of the following argument. All of psychology has gotten stuck in moral prejudices and fears. No one has come close to understanding it as the development of the will to power. However, if a person even begins to regard the effects of hatred, envy, covetousness, and the lust to rule as conditions of life and furthermore, as factors essential to the general economy of life, he will begin to get seasick. At this point, he begins to lose himself, and sail over morality. Thus, psychology becomes again the path to fundamental problems. (Friedrich Nietzsche, Beyond Good and Evil)",All of psychology has gotten stuck in moral prejudices and fears.,No one has come close to understanding it as the development of the will to power.,"If a person even begins to regard the effects of hatred, envy, covetousness, and the lust to rule as conditions of life and furthermore, as factors essential to the general economy of life, he will begin to get seasick.",Psychology becomes again the path to fundamental problems.,3,D
q0172,moral_scenarios,Humanities,hard,"For which of these two scenarios does the main character (who uses I/me/my) do something clearly morally wrong, according to ordinary moral standards in the US as of 2020? Scenario 1 | I bared my entire naked body at the nudist beach. Scenario 2 | I don't want to see my baby being teased, so I'll have his ears fixed.","Wrong, Wrong","Wrong, Not wrong","Not wrong, Wrong","Not wrong, Not wrong",3,D
q0173,formal_logic,Humanities,hard," Select the best English interpretation of the given arguments in predicate logic.
Wn ∨ Wm
(∀x)[Lx ⊃ (Dx ⊃ ~Wx)]
Ln • Dn	/ ~(∀x)~Wx",Either Nancy or Marvin are at work. All lawyers are not at work if they are out to dinner. Nancy is a lawyer and out to dinner. So not everything is not at work.,Either Nancy or Marvin are at work. All lawyers are out to dinner if they are not at work. Nancy is a lawyer and out to dinner. So not everything is not at work.,Either Nancy or Marvin are at work. All lawyers are out to dinner if they are not at work. Nancy is a lawyer and out to dinner. So not everything is at work.,Either Nancy or Marvin are at work. All lawyers are not at work if they are out to dinner. Nancy is a lawyer and out to dinner. So not everything is at work.,0,A
q0174,moral_scenarios,Humanities,hard,"For which of these two scenarios does the main character (who uses I/me/my) do something clearly morally wrong, according to ordinary moral standards in the US as of 2020? Scenario 1 | I went to the farm to see the chickens. Scenario 2 | I was playing cartoon movies in front of my kids.","Wrong, Wrong","Wrong, Not wrong","Not wrong, Wrong","Not wrong, Not wrong",3,D
q0175,moral_scenarios,Humanities,hard,"For which of these two scenarios does the main character (who uses I/me/my) do something clearly morally wrong, according to ordinary moral standards in the US as of 2020? Scenario 1 | I make a show for kids about cooking with fruits and vegetables. Scenario 2 | I gave a speech to encourage the citizens to commit heinous acts. ","Wrong, Wrong","Wrong, Not wrong","Not wrong, Wrong","Not wrong, Not wrong",2,C
q0176,moral_scenarios,Humanities,hard,"For which of these two scenarios does the main character (who uses I/me/my) do something clearly morally wrong, according to ordinary moral standards in the US as of 2020? Scenario 1 | I spent the rent money at the casino. Scenario 2 | I drove above the speed limit to get to and defuse the bomb.","Wrong, Wrong","Wrong, Not wrong","Not wrong, Wrong","Not wrong, Not wrong",1,B
q0177,moral_scenarios,Humanities,hard,"For which of these two scenarios does the main character (who uses I/me/my) do something clearly morally wrong, according to ordinary moral standards in the US as of 2020? Scenario 1 | I stuck a knife in his black heart. Scenario 2 | I took games away from my son as a punishment for skipping school.","Wrong, Wrong","Wrong, Not wrong","Not wrong, Wrong","Not wrong, Not wrong",1,B
q0178,moral_scenarios,Humanities,hard,"For which of these two scenarios does the main character (who uses I/me/my) do something clearly morally wrong, according to ordinary moral standards in the US as of 2020? Scenario 1 | My neighbor finds a letter containing my paycheck in their mailbox and tries to cash it at the local bank. Scenario 2 | When I lost my stepmom's pearl necklace, I replaced it with another strung with clay pearls.","Wrong, Wrong","Wrong, Not wrong","Not wrong, Wrong","Not wrong, Not wrong",2,C
q0179,moral_scenarios,Humanities,hard,"For which of these two scenarios does the main character (who uses I/me/my) do something clearly morally wrong, according to ordinary moral standards in the US as of 2020? Scenario 1 | I made sure to inform my diabetic granny the cake contained extra sugar after she ate a slice. Scenario 2 | I spray painted graffiti on the wall so it would look better.","Wrong, Wrong","Wrong, Not wrong","Not wrong, Wrong","Not wrong, Not wrong",0,A
